titre,ingredients,instructions,tempspreparation,photo
Burgers de Nuggets de Poulet,"400 g de galettes de nuggets de poulet, 4 petits pains à hamburger, 4 tranches de fromage, 120 g de laitue, 60 g de mayonnaise, 60 g de ketchup","1. Cuisez les galettes de nuggets de poulet selon les instructions. 2. Toastez les petits pains à hamburger. 3. Placez les galettes de poulet cuites sur les petits pains. 4. Ajoutez une tranche de fromage, de la laitue, de la mayonnaise et du ketchup. 5. Servez.",30,https://i.ibb.co/GRhjN5p/Chicken-Burger-patty-large-1024x647.jpg
Sandwiches de Poulet au Bacon et Jack,"400 g de poitrines de poulet sans peau, 200 g de bacon, 4 tranches de fromage Jack, 120 g de mayonnaise, 15 g de moutarde de Dijon","1. Cuisez les poitrines de poulet jusqu'à cuisson complète. 2. Cuisez le bacon jusqu'à ce qu'il soit croustillant. 3. Placez une tranche de fromage Jack sur chaque poitrine de poulet. 4. Mélangez la mayonnaise et la moutarde de Dijon, étalez sur les petits pains. 5. Assemblez les sandwichs avec du poulet, du bacon et du fromage. 6. Servez.",45,https://i.ibb.co/3rdhTvS/702178.jpg
Courgettes Parmesan au Four,"4 courgettes, 60 g de Parmesan râpé, 30 ml d'huile d'olive, 1 cuillère à café de poudre d'ail, Sel et poivre au goût","1. Préchauffez le four à 200°C. 2. Coupez les courgettes en tranches et placez-les dans un bol. 3. Mélangez les courgettes avec l'huile d'olive, le Parmesan, la poudre d'ail, le sel et le poivre. 4. Disposez les courgettes sur une plaque de cuisson. 5. Faites cuire pendant 20 à 25 minutes ou jusqu'à ce qu'elles soient dorées. 6. Servez.",25,https://i.ibb.co/3NrRqzf/Screen-Shot-2018-07-22-at-2-47-17-PM.png
Boeuf et Nouilles,"450 g de faux-filet de bœuf, tranché finement, 225 g de nouilles aux œufs, 240 ml de bouillon de bœuf, 120 g de crème aigre, 30 g de beurre","1. Cuisez le bœuf tranché jusqu'à ce qu'il soit doré. 2. Cuisez les nouilles aux œufs selon les instructions du paquet. 3. Dans une casserole, chauffez le bouillon de bœuf, la crème aigre et le beurre. 4. Combinez le bœuf, les nouilles et la sauce. 5. Servez.",35,https://i.ibb.co/0jz5c7C/slow-cooker-beef-tips-8-600.jpg
Burritos au Boeuf,"450 g de bœuf haché, 200 g de riz cuit, 400 g de haricots noirs égouttés, 120 g de fromage cheddar râpé, 4 grandes tortillas","1. Cuisez le bœuf haché jusqu'à ce qu'il soit doré. 2. Mélangez le riz cuit, les haricots noirs et le fromage cheddar avec le bœuf. 3. Réchauffez les tortillas et remplissez-les avec le mélange de bœuf. 4. Roulez les burritos. 5. Servez.",30,https://i.ibb.co/q0NL83H/exps24004-FM153592-A03-20-4b-696x696.jpg
Tostada Petit-déjeuner,"4 tortillas de maïs, 4 œufs, 240 ml de haricots noirs, 240 ml de salsa, 60 g de fromage Monterey Jack râpé","1. Cuisez les tortillas de maïs jusqu'à ce qu'elles soient croustillantes. 2. Cuisez les œufs selon vos préférences. 3. Chauffez les haricots noirs et la salsa. 4. Garnissez chaque tortilla avec des œufs, des haricots noirs, de la salsa et du fromage Monterey Jack râpé. 5. Servez.",20,https://i.ibb.co/ry5YC5t/1407925012164.jpg
Tourte aux Burritos,"450 g de bœuf haché, 1 sachet d'assaisonnement pour tacos, 400 g de haricots frits, 240 ml de salsa, 4 grandes tortillas de farine, 120 g de mélange de fromages mexicains râpés","1. Cuisez le bœuf haché avec l'assaisonnement pour tacos. 2. Superposez les tortillas avec des haricots frits, du bœuf, de la salsa et du fromage entre elles. 3. Répétez les couches. 4. Cuisez au four jusqu'à ce que le fromage soit fondu. 5. Servez.",40,https://i.ibb.co/2g8Pk0Y/4550030.jpg
Tots de Carottes,"480 g de carottes râpées, 120 g de chapelure, 60 g de Parmesan râpé, 2 œufs, 30 g de persil frais haché","1. Préchauffez le four à 220°C. 2. Mélangez les carottes râpées, la chapelure, le Parmesan, les œufs et le persil. 3. Façonnez le mélange en petites bouchées. 4. Faites cuire jusqu'à ce qu'elles soient dorées. 5. Servez.",30,https://i.ibb.co/hBHX5p9/Nan-Pizza.jpg
Tostada de Brocoli au Fromage,"4 tortillas de farine, 400 g de bouquets de brocoli cuits à la vapeur, 120 g de fromage cheddar râpé, 120 ml de crème aigre, 60 ml d'oignons verts hachés","1. Cuisez les tortillas de farine jusqu'à ce qu'elles soient croustillantes. 2. Garnissez chaque tortilla de bouquets de brocoli cuits à la vapeur, de fromage cheddar râpé, de crème aigre et d'oignons verts hachés. 3. Servez.",25,https://i.ibb.co/pnxzdjC/IMG-2319.jpg
Quesadillas au Boeuf et au Fromage,"450 g de bœuf haché, 1 sachet d'assaisonnement pour tacos, 8 grandes tortillas de farine, 200 g de fromage Monterey Jack râpé, 240 ml de salsa","1. Cuisez le bœuf haché avec l'assaisonnement pour tacos. 2. Placez une tortilla sur une plaque chauffante. 3. Étalez le bœuf, le fromage et la salsa sur la tortilla. 4. Couvrez avec une autre tortilla. 5. Cuisez jusqu'à ce que le fromage soit fondu. 6. Répétez pour chaque quesadilla. 7. Servez.",30,https://i.ibb.co/3SwNR8t/sd-aspect-1484241321-beef-and-avocado-quesadillasl1.jpg
Soupe de Nouilles au Poulet en One Pot,"400 g de blancs de poulet, 200 g de nouilles, 2 litres de bouillon de poulet, 200 g de carottes, 200 g de céleri, 1 oignon, 2 gousses d'ail, Sel et poivre au goût","1. Dans une grande casserole, cuisez les blancs de poulet, les nouilles, le bouillon de poulet, les carottes, le céleri, l'oignon et l'ail. 2. Assaisonnez avec du sel et du poivre. 3. Cuisez jusqu'à ce que les ingrédients soient bien cuits. 4. Servez.",30,https://i.ibb.co/pK6FZHw/Crockpot-Chicken-Noodle-Soup-Spend-With-Pennies.jpg
Pâtes au Poulet au Pesto en One-Pot,"400 g de pâtes, 400 g de blancs de poulet, 200 g de tomates cerises, 60 g de pesto, 1 litre d'eau, Sel et poivre au goût","1. Dans une grande casserole, cuisez les pâtes, le poulet, les tomates cerises, le pesto, l'eau, le sel et le poivre. 2. Cuisez jusqu'à ce que les pâtes soient al dente. 3. Servez.",25,https://i.ibb.co/CKKZbjB/IMG-4101-1.jpg
Pâtes avec Saucisse Italienne,"400 g de pâtes, 400 g de saucisse italienne, 500 ml de sauce tomate, 2 gousses d'ail, 60 ml d'huile d'olive, Sel et poivre au goût","1. Cuisez les pâtes selon les instructions du paquet. 2. Dans une poêle, faites cuire la saucisse avec la sauce tomate, l'ail et l'huile d'olive. 3. Assaisonnez avec du sel et du poivre. 4. Mélangez les pâtes avec la sauce. 5. Servez.",35,https://i.ibb.co/Cv3dcjx/Zesty-Italian-Sausage-Pasta-Recipe-Food-Network.jpg
Chou-fleur au Pesto,"1 chou-fleur (environ 800 g), 60 g de pesto, 60 ml d'huile d'olive, Sel et poivre au goût",1. Préchauffez le four à 200°C. 2. Coupez le chou-fleur en petits bouquets. 3. Mélangez le chou-fleur avec le pesto et l'huile d'olive. 4. Assaisonnez avec du sel et du poivre. 5. Faites cuire au four jusqu'à ce que le chou-fleur soit tendre. 6. Servez.,30,https://i.ibb.co/G0Zw9gj/pesto-cauliflower.jpg
Sandwich au Poulet au Pesto,"400 g de blancs de poulet, 4 petits pains, 120 g de pesto, 120 g de tomates séchées, 60 g de roquette","1. Cuisez les blancs de poulet. 2. Tartinez le pesto sur les petits pains. 3. Assemblez les sandwichs avec le poulet, les tomates séchées et la roquette. 4. Servez.",25,https://i.ibb.co/QCYwC8g/1493407980320.jpg
Grilled Cheese au Pesto avec Soupe de Tomates Rôties,"8 tranches de pain, 200 g de fromage cheddar, 60 g de pesto, 800 g de tomates, 2 gousses d'ail, 60 ml d'huile d'olive, Sel et poivre au goût","1. Préchauffez le four à 200°C. 2. Étalez le pesto sur les tranches de pain. 3. Assemblez les sandwichs avec le fromage. 4. Faites cuire au four jusqu'à ce que le fromage soit fondu. 5. Dans une casserole, faites rôtir les tomates avec l'ail et l'huile d'olive. 6. Mixez les tomates rôties pour faire la soupe. 7. Assaisonnez avec du sel et du poivre. 8. Servez.",40,https://i.ibb.co/Kzhvbv8/p-1-682x1024.jpg
Boulettes de Viande au Pesto avec Spaghetti,"400 g de viande hachée, 60 g de pesto, 500 ml de sauce tomate, 400 g de spaghetti, Sel et poivre au goût","1. Mélangez la viande hachée avec le pesto. 2. Façonnez des boulettes de viande. 3. Dans une poêle, cuisez les boulettes avec la sauce tomate. 4. Cuisez les spaghetti selon les instructions du paquet. 5. Servez les boulettes de viande sur les spaghetti. 6. Assaisonnez avec du sel et du poivre. 7. Servez.",40,https://i.ibb.co/LNfr63f/Spaghetti-and-Turkey-Meatballs-with-Spinach-Pesto.jpg
Pâtes au Pesto avec Légumes d'Été,"400 g de pâtes, 60 g de pesto, 200 g de courgettes, 200 g de tomates cerises, 200 g de maïs, 60 ml d'huile d'olive, Sel et poivre au goût","1. Cuisez les pâtes selon les instructions du paquet. 2. Dans une poêle, faites sauter les courgettes, les tomates cerises et le maïs avec le pesto et l'huile d'olive. 3. Mélangez les pâtes avec les légumes. 4. Assaisonnez avec du sel et du poivre. 5. Servez.",30,https://i.ibb.co/j4qjBkc/eh-K0hzln-R8-WQl7q-L8l7e-2018-0612-Good-Eggs-Kitchen-Dinner-Kit-Pesto-Pastawith-Summer-Vegetables-ma.jpg
Sandwichs au Steak et Fromage Philadelphie,"400 g de bifteck, 4 petits pains, 200 g de fromage philadelphie, 1 poivron, 1 oignon, 60 ml d'huile d'olive, Sel et poivre au goût","1. Tranchez le bifteck, le poivron et l'oignon. 2. Dans une poêle, cuisez le bifteck, le poivron et l'oignon avec l'huile d'olive. 3. Tartinez le fromage philadelphie sur les petits pains. 4. Assemblez les sandwichs avec le bifteck, le poivron et l'oignon. 5. Assaisonnez avec du sel et du poivre. 6. Servez.",30,https://i.ibb.co/4FRt8qK/Aua-F7h-Jo-Spy-BVt2-UVb4s-philly-cheesesteak-2.jpg
Pizza,"400 g de pâte à pizza, 200 g de sauce tomate, 200 g de fromage mozzarella, 100 g de pepperoni, 1 poivron, 1 oignon","1. Étalez la pâte à pizza sur une plaque de cuisson. 2. Étalez la sauce tomate sur la pâte. 3. Saupoudrez de fromage mozzarella et disposez le pepperoni, le poivron et l'oignon. 4. Cuisez au four jusqu'à ce que la croûte soit dorée. 5. Servez.",25,https://i.ibb.co/kx3tjzh/6103963837-4fe226c133-b.jpg
Brocoli au Fromage,"400 g de brocoli, 200 g de fromage cheddar râpé, 60 ml de crème fraîche, 30 g de beurre, Sel et poivre au goût","1. Cuisez le brocoli à la vapeur jusqu'à ce qu'il soit tendre. 2. Dans une casserole, faites fondre le fromage cheddar, la crème fraîche et le beurre. 3. Mélangez le brocoli cuit avec la sauce au fromage. 4. Assaisonnez avec du sel et du poivre. 5. Servez.",20,https://i.ibb.co/7yFTpR0/broccoli-with-cheese.jpg
Poulet et Dumplings,"400 g de blancs de poulet, 200 g de farine, 200 ml de lait, 1 litre de bouillon de poulet, 200 g de carottes, 200 g de céleri, 1 oignon, 2 gousses d'ail, Sel et poivre au goût","1. Cuisez les blancs de poulet dans le bouillon de poulet avec les carottes, le céleri, l'oignon et l'ail. 2. Dans un bol, mélangez la farine et le lait pour former une pâte à dumplings. 3. Déposez des cuillerées de pâte à dumplings dans le bouillon. 4. Cuisez jusqu'à ce que les dumplings soient cuits. 5. Assaisonnez avec du sel et du poivre. 6. Servez.",40,https://i.ibb.co/RYRZSvF/Chicken-and-Dumplings-575x350.jpg
Gyros au Poulet,"400 g de blancs de poulet, 4 pains pita, 200 g de yaourt grec, 1 concombre, 2 tomates, 1 oignon rouge, 2 gousses d'ail, 30 ml de jus de citron, 15 ml d'huile d'olive, Sel et poivre au goût","1. Cuisez les blancs de poulet. 2. Coupez le poulet cuit en lanières. 3. Dans un bol, mélangez le yaourt grec, le concombre, les tomates, l'oignon rouge, l'ail, le jus de citron et l'huile d'olive. 4. Assemblez les pains pita avec le poulet et la sauce. 5. Assaisonnez avec du sel et du poivre. 6. Servez.",30,https://i.ibb.co/1nV3Yd1/Chicken-Gyros-with-Tzatziki-Sauce-foodiecrush-com-039-683x1024.jpg
Poulet Korma,"400 g de blancs de poulet, 200 ml de lait de coco, 60 g d'amandes, 2 oignons, 2 gousses d'ail, 2 cuillères à soupe de curry en poudre, 2 cuillères à soupe de yaourt, 30 ml d'huile d'olive, Sel et poivre au goût","1. Cuisez les blancs de poulet dans l'huile d'olive avec les oignons et l'ail. 2. Ajoutez le lait de coco, les amandes, le curry en poudre et le yaourt. 3. Cuisez jusqu'à ce que le poulet soit bien cuit et la sauce épaissie. 4. Assaisonnez avec du sel et du poivre. 5. Servez.",35,https://i.ibb.co/qyKDP98/b25831eaa07f82531016a953640e261885a51416-ss-korma.jpg
Parmesan de Nuggets de Poulet,"400 g de galettes de nuggets de poulet, 200 g de sauce tomate, 200 g de mozzarella râpée, 60 g de parmesan râpé, 1 cuillère à soupe d'origan séché, Sel et poivre au goût","1. Cuisez les galettes de nuggets de poulet. 2. Préchauffez le four à 200°C. 3. Disposez les galettes de poulet dans un plat de cuisson. 4. Étalez la sauce tomate sur les galettes. 5. Saupoudrez de mozzarella, de parmesan et d'origan. 6. Cuisez au four jusqu'à ce que le fromage soit fondu et doré. 7. Assaisonnez avec du sel et du poivre. 8. Servez.",25,https://i.ibb.co/bBNZprF/4ceeb3e6-004f-4cce-8a2d-8e9ede9ee558.jpg
Wraps au Poulet,"400 g de blancs de poulet, 4 tortillas de blé, 200 g de laitue, 200 g de tomates, 200 g de fromage cheddar râpé, 60 g de mayonnaise, 30 ml de moutarde, Sel et poivre au goût","1. Cuisez les blancs de poulet. 2. Dans chaque tortilla, placez du poulet cuit, de la laitue, des tomates, du fromage cheddar, de la mayonnaise et de la moutarde. 3. Assaisonnez avec du sel et du poivre. 4. Roulez les wraps. 5. Servez.",30,https://i.ibb.co/J3ChWgk/116606-640x428.jpg
Carottes Bébé Cuites,"400 g de carottes bébé, 30 g de beurre, 15 ml de miel, Sel et poivre au goût","1. Cuisez les carottes bébé jusqu'à ce qu'elles soient tendres. 2. Dans une poêle, faites fondre le beurre et ajoutez le miel. 3. Mélangez les carottes cuites avec la sauce au miel. 4. Assaisonnez avec du sel et du poivre. 5. Servez.",20,https://i.ibb.co/b12c4hh/carrots.jpg
Tacos Croquants,"400 g de bœuf haché, 8 coquilles de tacos, 200 g de laitue, 200 g de tomates, 120 g de fromage cheddar râpé, 60 ml de salsa, 1 sachet d'assaisonnement pour tacos, Sel et poivre au goût","1. Cuisez le bœuf haché avec l'assaisonnement pour tacos. 2. Dans chaque coquille de taco, placez du bœuf cuit, de la laitue, des tomates, du fromage cheddar et de la salsa. 3. Assaisonnez avec du sel et du poivre. 4. Servez.",30,https://i.ibb.co/NLhBc62/Chicken-taco-3.jpg
Boulettes de Viande au Curry & Chou-fleur,"400 g de viande hachée, 1 chou-fleur (environ 800 g), 60 g de chapelure, 1 œuf, 200 ml de lait de coco, 2 cuillères à soupe de pâte de curry, 2 cuillères à soupe de coriandre fraîche hachée, Sel et poivre au goût","1. Mélangez la viande hachée avec la chapelure, l'œuf, la coriandre, le sel et le poivre. 2. Façonnez des boulettes de viande. 3. Cuisez les boulettes dans une poêle. 4. Dans une casserole, cuisez le chou-fleur avec le lait de coco et la pâte de curry. 5. Servez les boulettes de viande sur le chou-fleur au curry. 6. Assaisonnez avec du sel et du poivre. 7. Servez.",40,https://i.ibb.co/vVR3XTx/Pressure-Cooker-Coconut-Curry-Meatballs-Cauliflower-Delicious.jpg
Poulet et Brocoli Faciles,"400 g de blancs de poulet, 400 g de brocoli, 60 ml de sauce soja, 30 ml de miel, 2 gousses d'ail, 30 g de fécule de maïs, 60 ml d'eau, 15 ml d'huile végétale","1. Cuisez les blancs de poulet dans l'huile végétale. 2. Dans une poêle, faites sauter le brocoli avec la sauce soja, le miel, l'ail et l'eau. 3. Ajoutez la fécule de maïs pour épaissir la sauce. 4. Ajoutez le poulet cuit à la sauce. 5. Servez.",30,https://i.ibb.co/W5Rpsrr/Chinese-Chicken-and-Broccoli.jpg
Fajitas,"400 g de poulet, 4 tortillas de blé, 2 poivrons, 1 oignon, 60 ml d'huile d'olive, 2 cuillères à soupe de mélange d'épices pour fajitas, Sel et poivre au goût","1. Cuisez le poulet dans l'huile d'olive avec les poivrons, l'oignon et le mélange d'épices. 2. Réchauffez les tortillas. 3. Assemblez les fajitas avec le poulet et les légumes. 4. Assaisonnez avec du sel et du poivre. 5. Servez.",30,https://i.ibb.co/fH73Hv2/chicken-fajitas-video-Sixteen-By-Nine-Jumbo1600.jpg
Maïs Fiesta,"400 g de maïs en grains, 60 ml de mayonnaise, 60 g de fromage feta émietté, 1 cuillère à café de paprika, 1 cuillère à soupe de coriandre fraîche hachée, Sel et poivre au goût","1. Cuisez le maïs en grains. 2. Dans un bol, mélangez le maïs cuit avec la mayonnaise, le fromage feta, le paprika et la coriandre. 3. Assaisonnez avec du sel et du poivre. 4. Servez.",20,https://i.ibb.co/mGCHBwC/R131102.jpg
Pizza à Pain Plat,"400 g de pâte à pain plat, 200 g de sauce tomate, 200 g de mozzarella râpée, 100 g de champignons tranchés, 1 poivron, 1 oignon","1. Étalez la pâte à pain plat sur une plaque de cuisson. 2. Étalez la sauce tomate sur la pâte. 3. Saupoudrez de mozzarella et disposez les champignons, le poivron et l'oignon. 4. Cuisez au four jusqu'à ce que la croûte soit dorée. 5. Servez.",25,https://i.ibb.co/CMY4dR7/Screen-Shot-2019-02-02-at-3-38-08-PM.png
Pizza au Pain Français,"400 g de pain français, 200 g de sauce tomate, 200 g de mozzarella râpée, 100 g de pepperoni, 1 poivron, 1 oignon","1. Préchauffez le four à 200°C. 2. Coupez le pain français en deux dans le sens de la longueur. 3. Étalez la sauce tomate sur les moitiés de pain. 4. Saupoudrez de mozzarella et disposez le pepperoni, le poivron et l'oignon. 5. Cuisez au four jusqu'à ce que le fromage soit fondu et doré. 6. Servez.",25,https://i.ibb.co/M92kxY5/20130305-french-bread-pizza-pizza-lab-28.jpg
Courgette Grillée,"4 courgettes, 60 ml d'huile d'olive, 2 cuillères à soupe d'herbes de Provence, Sel et poivre au goût","1. Préchauffez le grill. 2. Coupez les courgettes en tranches. 3. Dans un bol, mélangez les courgettes avec l'huile d'olive et les herbes de Provence. 4. Grillez les courgettes jusqu'à ce qu'elles soient tendres et dorées. 5. Assaisonnez avec du sel et du poivre. 6. Servez.",15,https://i.ibb.co/R9fNXZv/grilled-zucchini.jpg
Burgers Guacamole Bacon,"400 g de bœuf haché, 4 petits pains à hamburger, 200 g de guacamole, 200 g de bacon, 4 tranches de fromage, Sel et poivre au goût","1. Façonnez le bœuf haché en burgers. 2. Cuisez les burgers dans une poêle. 3. Cuisez le bacon jusqu'à ce qu'il soit croustillant. 4. Dans chaque petit pain, placez un burger cuit, du guacamole, une tranche de bacon et une tranche de fromage. 5. Assaisonnez avec du sel et du poivre. 6. Servez.",30,https://i.ibb.co/jTRt3sw/guacamole-bacon-burger-1100.jpg
Tortellini au Jambon & Fromage,"400 g de tortellini au fromage, 200 g de jambon coupé en dés, 200 ml de crème, 60 g de parmesan râpé, 30 g de beurre, Sel et poivre au goût","1. Cuisez les tortellini selon les instructions du paquet. 2. Dans une poêle, chauffez la crème avec le jambon, le parmesan et le beurre. 3. Mélangez les tortellini cuits avec la sauce. 4. Assaisonnez avec du sel et du poivre. 5. Servez.",25,https://i.ibb.co/K7HV9yy/gallery-1488567591-delish-ham-and-cheese-tortellini-pin-2.jpg
Hamburgers,"400 g de bœuf haché, 4 petits pains à hamburger, 4 tranches de fromage, 1 oignon, 4 feuilles de laitue, 2 tomates, 60 g de ketchup, 60 g de moutarde, Sel et poivre au goût","1. Façonnez le bœuf haché en burgers. 2. Cuisez les burgers selon vos préférences. 3. Sur chaque petit pain, placez un burger cuit, une tranche de fromage, de l'oignon, de la laitue et de la tomate. 4. Ajoutez du ketchup et de la moutarde. 5. Assaisonnez avec du sel et du poivre. 6. Servez.",30,https://i.ibb.co/c2Q2xgs/23930.jpg
Rigatoni au Pesto et Cuit Sain,"400 g de rigatoni, 60 g de pesto, 200 g de tomates cerises coupées en deux, 200 g d'épinards frais, 200 g de mozzarella râpée, 30 g de parmesan râpé, Sel et poivre au goût","1. Cuisez les rigatoni selon les instructions du paquet. 2. Dans une poêle, faites sauter les tomates cerises, les épinards et le pesto. 3. Mélangez les rigatoni cuits avec les légumes sautés. 4. Ajoutez la mozzarella et le parmesan. 5. Assaisonnez avec du sel et du poivre. 6. Servez.",25,https://i.ibb.co/F7xtrTQ/healthy-pesto-baked-rigatoni-81.jpg
Sandwiches à la Saucisse Italienne,"400 g de saucisse italienne, 4 petits pains, 200 g de poivrons, 1 oignon, 200 g de sauce tomate, 60 g de fromage mozzarella râpé",1. Cuisez la saucisse italienne dans une poêle avec les poivrons et l'oignon. 2. Préchauffez le four à 200°C. 3. Coupez les petits pains en deux dans le sens de la longueur. 4. Répartissez la saucisse cuite sur les moitiés de petits pains. 5. Ajoutez la sauce tomate et saupoudrez de fromage mozzarella. 6. Cuisez au four jusqu'à ce que le fromage soit fondu et doré. 7. Servez.,30,https://i.ibb.co/nm4q4GQ/exps41476-CFT1437885-D61-A.jpg
Sandwichs Juteux,"400 g de bœuf haché, 4 petits pains à hamburger, 4 tranches de fromage cheddar, 1 oignon rouge, 2 tomates, 4 feuilles de laitue, 60 g de ketchup, 60 g de mayonnaise, Sel et poivre au goût","1. Façonnez le bœuf haché en burgers. 2. Cuisez les burgers selon vos préférences. 3. Sur chaque petit pain, placez un burger cuit, une tranche de fromage cheddar, de l'oignon rouge, de la tomate et de la laitue. 4. Ajoutez du ketchup et de la mayonnaise. 5. Assaisonnez avec du sel et du poivre. 6. Servez.",25,https://i.ibb.co/3NRXKxn/Arm-Roast-French-Dip-Sandwiches-Pic.jpg
Mac & Cheese avec Protéines,"400 g de macaroni, 200 g de fromage cheddar râpé, 200 g de brocoli, 200 g de poulet cuit coupé en dés, 200 ml de lait, 30 g de beurre, 30 g de farine, Sel et poivre au goût","1. Cuisez les macaronis selon les instructions du paquet. 2. Dans une casserole, faites fondre le beurre, ajoutez la farine, puis versez le lait en remuant constamment pour faire une sauce béchamel. 3. Ajoutez le fromage cheddar à la béchamel et mélangez jusqu'à ce qu'il soit fondu. 4. Ajoutez le brocoli et le poulet cuits. 5. Mélangez les macaronis cuits avec la sauce au fromage, au brocoli et au poulet. 6. Assaisonnez avec du sel et du poivre. 7. Servez.",30,https://i.ibb.co/8zKDFf3/c41ffe09-8520-4d29-9b4d-c1d63da3fae6.jpg
Subs aux Boulettes,"400 g de boulettes de viande, 4 petits pains à sous-marin, 200 g de sauce tomate, 200 g de fromage mozzarella râpé, 60 g de parmesan râpé, 1 cuillère à soupe d'origan séché","1. Cuisez les boulettes de viande. 2. Préchauffez le four à 200°C. 3. Coupez les petits pains en deux dans le sens de la longueur. 4. Répartissez les boulettes cuites sur les moitiés de petits pains. 5. Étalez la sauce tomate sur les boulettes. 6. Saupoudrez de mozzarella, de parmesan et d'origan. 7. Cuisez au four jusqu'à ce que le fromage soit fondu et doré. 8. Servez.",25,https://i.ibb.co/C54kL0Q/Screen-Shot-2018-07-22-at-1-56-44-PM.png
Pizza au Pain Naan,"400 g de pains naan, 200 g de sauce tomate, 200 g de fromage mozzarella râpé, 100 g de pepperoni, 1 poivron, 1 oignon","1. Préchauffez le four à 200°C. 2. Disposez les pains naan sur une plaque de cuisson. 3. Étalez la sauce tomate sur les pains naan. 4. Saupoudrez de mozzarella et disposez le pepperoni, le poivron et l'oignon. 5. Cuisez au four jusqu'à ce que le fromage soit fondu et doré. 6. Servez.",20,https://i.ibb.co/hBHX5p9/Nan-Pizza.jpg
Ravioli,"400 g de ravioli, 200 g de sauce tomate, 60 g de parmesan râpé, 30 g de beurre, 2 cuillères à soupe de basilic frais haché, Sel et poivre au goût","1. Cuisez les ravioli selon les instructions du paquet. 2. Dans une casserole, faites fondre le beurre, ajoutez la sauce tomate et chauffez. 3. Mélangez les ravioli cuits avec la sauce. 4. Ajoutez le parmesan et le basilic. 5. Assaisonnez avec du sel et du poivre. 6. Servez.",20,https://i.ibb.co/3s2jjKv/Ravioli.jpg
Steaks de Chou-fleur Rôtis,"2 choux-fleurs, 60 ml d'huile d'olive, 2 cuillères à soupe de paprika, 1 cuillère à soupe de cumin, 1 cuillère à café de curcuma, Sel et poivre au goût","1. Préchauffez le four à 200°C. 2. Coupez le chou-fleur en tranches épaisses pour imiter des steaks. 3. Dans un bol, mélangez l'huile d'olive, le paprika, le cumin et le curcuma. 4. Badigeonnez les steaks de chou-fleur avec le mélange d'huile et d'épices. 5. Cuisez au four jusqu'à ce que les steaks soient dorés et tendres. 6. Assaisonnez avec du sel et du poivre. 7. Servez.",30,https://i.ibb.co/0tXK3Tk/5202919.jpg
Épis de Maïs Rôtis,"4 épis de maïs, 30 g de beurre, 2 cuillères à soupe de persil frais haché, Sel et poivre au goût",1. Préchauffez le four à 200°C. 2. Épluchez les épis de maïs et retirez les soies. 3. Étalez du beurre sur chaque épi. 4. Saupoudrez de persil. 5. Enveloppez chaque épi dans du papier d'aluminium. 6. Cuisez au four jusqu'à ce que le maïs soit tendre. 7. Assaisonnez avec du sel et du poivre. 8. Servez.,25,https://i.ibb.co/svKZ4qN/Air-fryer-roasted-corn-pin.jpg
Gyros au Seitan,"400 g de seitan, 4 pains pita, 200 g de yaourt grec, 1 concombre, 2 tomates, 1 oignon rouge, 2 gousses d'ail, 30 ml de jus de citron, 15 ml d'huile d'olive, Sel et poivre au goût","1. Cuisez le seitan. 2. Coupez le seitan cuit en lanières. 3. Dans un bol, mélangez le yaourt grec, le concombre, les tomates, l'oignon rouge, l'ail, le jus de citron et l'huile d'olive. 4. Assemblez les pains pita avec le seitan et la sauce. 5. Assaisonnez avec du sel et du poivre. 6. Servez.",30,https://i.ibb.co/LQR7Y8T/Seitan-gyros.jpg
Pâté au Bœuf de Berger,"400 g de bœuf haché, 1 oignon, 2 carottes, 200 g de petits pois, 400 g de purée de pommes de terre, 30 g de beurre, 200 ml de bouillon de bœuf, Sel et poivre au goût","1. Dans une poêle, cuisez le bœuf haché avec l'oignon, les carottes et les petits pois. 2. Ajoutez le bouillon de bœuf et laissez mijoter jusqu'à ce que les légumes soient tendres. 3. Dans un plat allant au four, étalez le mélange de viande et de légumes. 4. Étalez la purée de pommes de terre sur le dessus. 5. Cuisez au four jusqu'à ce que la purée de pommes de terre soit dorée. 6. Assaisonnez avec du sel et du poivre. 7. Servez.",40,https://i.ibb.co/ncTZ9Pt/4e5fcc8b-84f4-4312-bd6a-e354136b4e5f.jpg
Sloppy Joes,"400 g de bœuf haché, 1 oignon, 1 poivron, 200 g de sauce tomate, 60 ml de sauce Worcestershire, 2 cuillères à soupe de vinaigre de cidre, 1 cuillère à soupe de moutarde, 4 petits pains","1. Dans une poêle, cuisez le bœuf haché avec l'oignon et le poivron. 2. Ajoutez la sauce tomate, la sauce Worcestershire, le vinaigre de cidre et la moutarde. 3. Laissez mijoter jusqu'à ce que la sauce épaississe. 4. Servez le mélange sur les petits pains.",25,https://i.ibb.co/Hz18wZw/747244.jpg
Tacos Moelleux,"400 g de poulet, 8 tortillas de maïs, 200 g de laitue, 200 g de tomates, 120 g de fromage cheddar râpé, 60 ml de salsa, 1 sachet d'assaisonnement pour tacos, Sel et poivre au goût","1. Cuisez le poulet avec l'assaisonnement pour tacos. 2. Réchauffez les tortillas. 3. Dans chaque tortilla, placez du poulet cuit, de la laitue, des tomates, du fromage cheddar et de la salsa. 4. Assaisonnez avec du sel et du poivre. 5. Servez.",30,https://i.ibb.co/FmSKYsm/lentiltacos-6553-WP-edit.jpg
Spaghetti et Boulettes de Viande,"400 g de spaghetti, 400 g de bœuf haché, 2 œufs, 60 g de chapelure, 60 g de parmesan râpé, 200 g de sauce tomate, 2 gousses d'ail, 2 cuillères à soupe de basilic frais haché, Sel et poivre au goût","1. Cuisez les spaghetti selon les instructions du paquet. 2. Dans un bol, mélangez le bœuf haché, les œufs, la chapelure et le parmesan. 3. Façonnez des boulettes de viande et cuisez-les. 4. Dans une casserole, chauffez la sauce tomate avec l'ail et le basilic. 5. Mélangez les boulettes de viande avec la sauce et servez sur les spaghetti.",30,https://i.ibb.co/M1ZfBWQ/Best-Spaghetti-and-Meatballs-exps1912-PP2321917-A05-09-2b-C-RMS-696x696.jpg
Fondants au Houmous,"400 g de houmous, 4 petits pains, 1 tomate, 1 avocat, 60 g de fromage feta émietté, 1 cuillère à soupe d'origan séché",1. Préchauffez le four à 200°C. 2. Coupez les petits pains en deux dans le sens de la longueur. 3. Étalez du houmous sur chaque moitié de petit pain. 4. Disposez des tranches de tomate et d'avocat sur le houmous. 5. Saupoudrez de fromage feta et d'origan. 6. Cuisez au four jusqu'à ce que le fromage soit fondu et doré. 7. Servez.,15,https://i.ibb.co/tCftHSV/867447.jpg
Spirales de Patate Douce Spaghetti,"400 g de spirales de patate douce, 200 g de tomates cerises coupées en deux, 200 g d'épinards frais, 2 gousses d'ail, 60 ml d'huile d'olive, 60 g de fromage parmesan râpé, Sel et poivre au goût","1. Cuisez les spirales de patate douce selon les instructions du paquet. 2. Dans une poêle, faites sauter les tomates cerises, les épinards et l'ail dans l'huile d'olive. 3. Mélangez les spirales de patate douce cuites avec les légumes sautés. 4. Saupoudrez de parmesan. 5. Assaisonnez avec du sel et du poivre. 6. Servez.",20,https://i.ibb.co/NVHpmkB/P67-Bht-ASYq-Glt-JXo-H9wn-2018-0330-Cece2029.jpg
Soupe Taco,"400 g de bœuf haché, 1 oignon, 2 poivrons, 200 g de maïs en grains, 200 g de haricots noirs, 200 g de tomates en dés, 1 sachet d'assaisonnement pour tacos, 1 litre de bouillon de bœuf, Sel et poivre au goût","1. Dans une casserole, cuisez le bœuf haché avec l'oignon et les poivrons. 2. Ajoutez le maïs, les haricots noirs, les tomates en dés et l'assaisonnement pour tacos. 3. Versez le bouillon de bœuf et laissez mijoter. 4. Assaisonnez avec du sel et du poivre. 5. Servez.",30,https://i.ibb.co/St551KV/Taco-Soup-4-copy-675x945.jpg
Gratin de Taquitos Enchilada,"400 g de taquitos au poulet, 200 g de sauce enchilada, 200 g de fromage cheddar râpé, 60 g de coriandre fraîche hachée, 1 avocat, 60 ml de crème aigre","1. Préchauffez le four à 200°C. 2. Dans un plat de cuisson, disposez les taquitos. 3. Versez la sauce enchilada sur les taquitos. 4. Saupoudrez de fromage cheddar. 5. Cuisez au four jusqu'à ce que le fromage soit fondu et doré. 6. Garnissez avec de la coriandre fraîche, de l'avocat tranché et de la crème aigre. 7. Servez.",25,https://i.ibb.co/V9bYHf0/Taquito-Casserole-500x300-1011337053.jpg
Taquitos,"400 g de taquitos au bœuf, 200 g de salsa, 60 g de fromage cheddar râpé, 60 ml de crème aigre, 1 avocat","1. Préchauffez le four à 200°C. 2. Disposez les taquitos sur une plaque de cuisson. 3. Cuisez au four jusqu'à ce qu'ils soient croustillants. 4. Réchauffez la salsa. 5. Garnissez les taquitos cuits avec du fromage cheddar, de la salsa, de l'avocat tranché et de la crème aigre. 6. Servez.",20,https://i.ibb.co/16BvLZX/Taquitos.jpg
Tortellini,"400 g de tortellini au fromage, 200 g de sauce Alfredo, 200 g d'épinards frais, 200 g de tomates séchées, 60 g de parmesan râpé, Sel et poivre au goût","1. Cuisez les tortellini selon les instructions du paquet. 2. Dans une casserole, faites chauffer la sauce Alfredo avec les épinards et les tomates séchées. 3. Mélangez les tortellini cuits avec la sauce. 4. Ajoutez le parmesan. 5. Assaisonnez avec du sel et du poivre. 6. Servez.",20,https://i.ibb.co/3WMCXTD/maxresdefault.jpg
Sandwich BLTA Ultime,"400 g de bacon, 8 tranches de pain grillé, 2 avocats, 4 feuilles de laitue, 4 tomates, 60 ml de mayonnaise, Sel et poivre au goût","1. Cuisez le bacon jusqu'à ce qu'il soit croustillant. 2. Sur 4 tranches de pain grillé, étalez de la mayonnaise. 3. Disposez le bacon cuit, l'avocat, la laitue et la tomate sur chaque tranche de pain. 4. Assaisonnez avec du sel et du poivre. 5. Recouvrez avec les tranches de pain restantes. 6. Servez.",20,https://i.ibb.co/CsLp1k1/BLT-1-900x600.jpg
Soupe Végétarienne aux Tortillas,"1 oignon, 2 poivrons, 400 g de maïs en grains, 400 g de haricots noirs, 200 g de tomates en dés, 1 litre de bouillon de légumes, 60 ml de sauce tomate, 2 cuillères à soupe de cumin, 2 cuillères à soupe de chili en poudre, Sel et poivre au goût","1. Dans une casserole, faites revenir l'oignon et les poivrons. 2. Ajoutez le maïs, les haricots noirs, les tomates en dés, le bouillon de légumes, la sauce tomate, le cumin et le chili en poudre. 3. Laissez mijoter jusqu'à ce que les légumes soient tendres. 4. Assaisonnez avec du sel et du poivre. 5. Servez.",30,https://i.ibb.co/BrzgrTC/790006.jpg
Falafel Wraps,"400 g de falafels, 4 wraps de blé entier, 200 g de laitue, 200 g de tomates, 1 concombre, 200 g de yaourt grec, 2 cuillères à soupe de jus de citron, Sel et poivre au goût","1. Cuisez les falafels selon les instructions du paquet. 2. Réchauffez les wraps. 3. Dans chaque wrap, placez des falafels, de la laitue, des tomates et des rondelles de concombre. 4. Dans un bol, mélangez le yaourt grec avec le jus de citron. 5. Ajoutez la sauce au yaourt sur les ingrédients dans le wrap. 6. Assaisonnez avec du sel et du poivre. 7. Enveloppez les wraps et servez.",20,https://i.ibb.co/0fVjV17/2908102.jpg
Pâtes au Seitan à l'Italienne,"400 g de pâtes, 400 g de seitan, 200 g de sauce tomate, 2 gousses d'ail, 2 cuillères à soupe d'origan séché, 60 ml d'huile d'olive, Sel et poivre au goût",1. Cuisez les pâtes selon les instructions du paquet. 2. Cuisez le seitan dans l'huile d'olive avec l'ail et l'origan. 3. Ajoutez la sauce tomate et laissez mijoter. 4. Mélangez les pâtes cuites avec la sauce au seitan. 5. Assaisonnez avec du sel et du poivre. 6. Servez.,25,https://i.ibb.co/7jPHRj7/spaghetti-bolognese-recipe-vegetarian-seitan-mince.jpg
Pâtes au Pesto avec Tomates Séchées et Asperges,"400 g de pâtes, 60 g de pesto, 200 g de tomates séchées, 200 g d'asperges, 60 g de parmesan râpé, Sel et poivre au goût","1. Cuisez les pâtes selon les instructions du paquet. 2. Dans une poêle, faites sauter les tomates séchées et les asperges. 3. Mélangez les pâtes cuites avec le pesto, les légumes sautés et le parmesan. 4. Assaisonnez avec du sel et du poivre. 5. Servez.",20,https://i.ibb.co/CKKZbjB/IMG-4101-1.jpg
Bacon Maïs,"400 g de maïs en grains, 200 g de bacon, 2 cuillères à soupe de sirop d'érable, 1 cuillère à soupe de paprika fumé, Sel et poivre au goût","1. Cuisez le maïs dans une poêle. 2. Dans une autre poêle, cuisez le bacon jusqu'à ce qu'il soit croustillant. 3. Égouttez le maïs et ajoutez le bacon cuit. 4. Ajoutez le sirop d'érable et le paprika fumé. 5. Mélangez bien et assaisonnez avec du sel et du poivre. 6. Servez.",15,https://i.ibb.co/5cS0q66/image-url-http2-F2-Fsites2-Ffiles2-Fmedium-2x2-Ffresh-corn-saute-bacon-chives-ck.jpg
Frites de Carottes à l'Air Frites,"400 g de carottes, 30 ml d'huile d'olive, 2 cuillères à soupe de paprika, 1 cuillère à soupe de cumin, Sel et poivre au goût","1. Préchauffez l'air fryer à 200°C. 2. Épluchez les carottes et coupez-les en bâtonnets. 3. Dans un bol, mélangez les carottes avec l'huile d'olive, le paprika et le cumin. 4. Disposez les carottes dans l'air fryer. 5. Cuisez jusqu'à ce qu'elles soient dorées et croustillantes. 6. Assaisonnez avec du sel et du poivre. 7. Servez.",20,https://i.ibb.co/YLcSxsD/fried-carrots.jpg
Saucisse de Poulet Italienne Grillée et Poivrons,"400 g de saucisses de poulet italiennes, 2 poivrons, 1 oignon, 60 ml d'huile d'olive, 2 cuillères à soupe d'origan séché, Sel et poivre au goût","1. Préchauffez le gril. 2. Sur le gril, cuisez les saucisses de poulet italiennes avec les poivrons et l'oignon. 3. Badigeonnez les saucisses et les légumes avec l'huile d'olive pendant la cuisson. 4. Saupoudrez d'origan. 5. Assaisonnez avec du sel et du poivre. 6. Servez.",25,https://i.ibb.co/0thfcWB/Grilled-Italian-Chicken-Sausage-and-Peppers-Pita-Recipe-Aggies-Kitchen.jpg
Burritos au Poulet,"400 g de poulet, 4 tortillas de farine, 200 g de riz cuit, 200 g de haricots noirs, 200 g de maïs en grains, 200 g de salsa, 60 g de fromage cheddar râpé, 60 ml de crème aigre","1. Cuisez le poulet et coupez-le en lanières. 2. Réchauffez les tortillas. 3. Dans chaque tortilla, placez du riz cuit, des haricots noirs, du maïs, du poulet, de la salsa, du fromage cheddar et de la crème aigre. 4. Enveloppez les burritos et servez.",30,https://i.ibb.co/NszMnHb/QUORN-FAJITAS.jpg
Poulet Tikka Masala,"400 g de poulet, 200 g de yaourt grec, 200 g de purée de tomates, 2 cuillères à soupe de pâte de curry tikka, 2 gousses d'ail, 1 oignon, 200 ml de crème, 60 ml d'huile végétale, 2 cuillères à soupe de coriandre fraîche hachée, Sel et poivre au goût","1. Dans un bol, mélangez le yaourt grec avec la pâte de curry tikka. 2. Coupez le poulet en morceaux et marinez-le dans le mélange de yaourt. 3. Dans une poêle, faites revenir l'oignon et l'ail dans l'huile. 4. Ajoutez le poulet mariné et faites cuire jusqu'à ce qu'il soit doré. 5. Ajoutez la purée de tomates et laissez mijoter. 6. Versez la crème et mélangez. 7. Assaisonnez avec du sel et du poivre. 8. Garnissez de coriandre fraîche. 9. Servez avec du riz ou du pain naan.",40,https://i.ibb.co/K6L5Frc/Tikka-Chicken-Masala-maya-kaimal.jpg
Nuggets de Poulet,"400 g de filets de poulet, 200 g de chapelure, 2 œufs battus, 60 g de parmesan râpé, 1 cuillère à café de paprika, Sel et poivre au goût","1. Préchauffez le four à 200°C. 2. Coupez les filets de poulet en morceaux. 3. Dans un bol, mélangez la chapelure, le parmesan, le paprika, du sel et du poivre. 4. Trempez chaque morceau de poulet dans les œufs battus, puis roulez-les dans le mélange de chapelure. 5. Disposez les morceaux sur une plaque de cuisson. 6. Cuisez au four jusqu'à ce qu'ils soient dorés et cuits à cœur. 7. Servez avec une sauce de votre choix.",25,https://i.ibb.co/JjK6Hg5/5019503023817-0003-1498114915291.jpg
Bouchées de Chou-fleur à l'Air Frites,"400 g de bouquets de chou-fleur, 60 g de farine, 60 ml de lait, 60 g de parmesan râpé, 1 cuillère à café de paprika, 1 cuillère à café de poudre d'ail, Sel et poivre au goût","1. Préchauffez l'air fryer à 200°C. 2. Dans un bol, mélangez la farine, le lait, le parmesan, le paprika, la poudre d'ail, du sel et du poivre pour faire une pâte. 3. Trempez chaque bouquet de chou-fleur dans la pâte. 4. Disposez les bouquets dans l'air fryer. 5. Cuisez jusqu'à ce qu'ils soient dorés et croustillants. 6. Assaisonnez avec du sel et du poivre. 7. Servez avec une sauce de votre choix.",20,https://i.ibb.co/nBSgg7V/img95l.jpg
Petits Pois & Carottes,"400 g de petits pois, 400 g de carottes coupées en rondelles, 60 g de beurre, 2 cuillères à soupe de persil frais haché, Sel et poivre au goût","1. Cuisez les petits pois et les carottes dans de l'eau bouillante salée jusqu'à ce qu'ils soient tendres. 2. Égouttez-les. 3. Dans une poêle, faites fondre le beurre. 4. Ajoutez les petits pois et les carottes. 5. Faites sauter pendant quelques minutes. 6. Saupoudrez de persil frais. 7. Assaisonnez avec du sel et du poivre. 8. Servez.",20,https://i.ibb.co/LYfNCM4/11147-Peas-Carrots800.jpg